{
    "accuracies": [
        0.4825,
        0.487,
        0.5275,
        0.542,
        0.9185,
        0.967,
        0.993,
        0.9935,
        0.9975,
        0.9965,
        0.996,
        0.996,
        0.9965,
        0.996,
        0.996,
        0.9965,
        0.996,
        0.996,
        0.996,
        0.9965,
        0.997,
        0.996,
        0.9965,
        0.9965,
        0.9955,
        0.9965,
        0.9965,
        0.996,
        0.993,
        0.9915,
        0.993,
        0.9965,
        0.9945,
        0.9965,
        0.996,
        0.996,
        0.9945,
        0.9965,
        0.9965,
        0.997,
        0.9955,
        0.9955,
        0.996,
        0.997,
        0.9955,
        0.996,
        0.996,
        0.995,
        0.997,
        0.9965,
        0.997,
        0.9925,
        0.9915,
        0.996,
        0.9965,
        0.997,
        0.995,
        0.9965,
        0.9965,
        0.995,
        0.997,
        0.9965,
        0.9965,
        0.997,
        0.9955,
        0.998,
        0.988,
        0.9975,
        0.996,
        0.9775,
        0.9755,
        0.959,
        0.974,
        0.9955,
        0.996,
        0.996,
        0.9955,
        0.995,
        0.996,
        0.996,
        0.996,
        0.9955,
        0.9945,
        0.9955,
        0.9965,
        0.9945,
        0.9955,
        0.9945,
        0.996,
        0.996,
        0.9955,
        0.9965,
        0.9945,
        0.997,
        0.9975,
        0.996,
        0.9975,
        0.995,
        0.994,
        0.993
    ],
    "test_losses": [
        0.6941036806106567,
        0.6942936463356018,
        0.6955032691955566,
        0.6925916652679444,
        0.24924240958690644,
        0.14715436339378357,
        0.07550501671433449,
        0.06043279388546944,
        0.048139379143714904,
        0.0469528551697731,
        0.043554878503084184,
        0.04086547486484051,
        0.04157549461722374,
        0.03832254487276077,
        0.03827652319520712,
        0.04067749729752541,
        0.037468505658209326,
        0.03821447117999196,
        0.03595020854473114,
        0.03928160643577576,
        0.03247972635179758,
        0.03224576153606176,
        0.032635991528630254,
        0.03582935779541731,
        0.03787512494623661,
        0.03029717807471752,
        0.030766712963581085,
        0.033543850637972356,
        0.03712742371857166,
        0.04128553478419781,
        0.040606295190751554,
        0.0300474733710289,
        0.038663577668368816,
        0.027210656955838203,
        0.030644053664058448,
        0.028045502685010434,
        0.03551690411567688,
        0.029446712128818036,
        0.029234366700053215,
        0.027043746154755355,
        0.02634561203420162,
        0.029395589590072633,
        0.02604095347225666,
        0.027300917625427246,
        0.025323239743709564,
        0.02745848697423935,
        0.025722441136837006,
        0.027916621126234532,
        0.02827039822936058,
        0.025657957144081592,
        0.026872620675712822,
        0.03734439081698656,
        0.03829971895366907,
        0.02568078175932169,
        0.024939851589500905,
        0.024742739245295523,
        0.031188737243413926,
        0.022775471229106187,
        0.026215485006570817,
        0.026521967396140097,
        0.023648846708238126,
        0.022327036876231433,
        0.026419265240430832,
        0.023616950556635857,
        0.02849500799179077,
        0.022736713260412215,
        0.045255702637135985,
        0.022291332855820654,
        0.02478504392504692,
        0.0697803750038147,
        0.0860725234746933,
        0.17481804007291793,
        0.114587597489357,
        0.03678279636800289,
        0.03800805814191699,
        0.024605461187660695,
        0.030165635108947753,
        0.026244264662265777,
        0.023749966584146024,
        0.02343460785411298,
        0.025114223770797254,
        0.023413319684565066,
        0.02583331813290715,
        0.026053356379270552,
        0.02239577821455896,
        0.02537125273793936,
        0.02454224591329694,
        0.0257174482755363,
        0.022383725680410863,
        0.022218583464622497,
        0.023727156281471252,
        0.022577385284006594,
        0.027435062505304815,
        0.02552496463805437,
        0.023582347597926854,
        0.03135555911064148,
        0.021550106974318625,
        0.024233411140739916,
        0.028051127910614013,
        0.03201845529675484
    ],
    "train_losses": [
        0.694606116771698,
        0.693618121623993,
        0.6930508389472961,
        0.6915021409988403,
        0.47581238323450087,
        0.19296488797664643,
        0.09708508163690567,
        0.061471430756151677,
        0.04827266706526279,
        0.04315275472402573,
        0.04039609292894602,
        0.03694379550218582,
        0.03547045129537582,
        0.03524846234172583,
        0.03449747635424137,
        0.03355573654919863,
        0.031211834579706194,
        0.03434112550318241,
        0.031293764881789685,
        0.02831617072969675,
        0.028591395288705825,
        0.026163473546504973,
        0.02652129265666008,
        0.026672370709478855,
        0.030527643624693155,
        0.025458130165934564,
        0.024307086642831564,
        0.02451283683627844,
        0.025103234909474848,
        0.028925859939306974,
        0.025355999767780305,
        0.02438673097640276,
        0.023731366112828254,
        0.025061063587665557,
        0.02197366788983345,
        0.020747827474027872,
        0.02161537167429924,
        0.020746411375701428,
        0.020293988313525916,
        0.019331788398325445,
        0.019232530027627946,
        0.019582937084138392,
        0.01971000050753355,
        0.018702025335282087,
        0.018967365473508836,
        0.01854457826912403,
        0.017524690486490725,
        0.018034228384494783,
        0.020308023430407048,
        0.018848478995263575,
        0.018215128242969513,
        0.017127563264220953,
        0.019175643272697926,
        0.02170722946152091,
        0.023069513127207755,
        0.019125194638967512,
        0.017585878014564515,
        0.017923125594854355,
        0.01757404165714979,
        0.017095801837742328,
        0.016028972018510102,
        0.016003457557410002,
        0.015891954783350228,
        0.015813485749065877,
        0.016444808892905713,
        0.016265203449875115,
        0.01970450562611222,
        0.019121678084135056,
        0.018121503844857216,
        0.019077367037534713,
        0.026298216242343186,
        0.05136637216806412,
        0.15460620385408402,
        0.07916455814242362,
        0.03332214936614036,
        0.02401238925755024,
        0.023371186032891275,
        0.02351194777339697,
        0.020546862855553627,
        0.019002587348222733,
        0.0177019744515419,
        0.017754308497533202,
        0.016628773748874663,
        0.01666034808754921,
        0.015773747090250253,
        0.015275468166917562,
        0.015381089299917222,
        0.015137028597295285,
        0.015297554705291986,
        0.015004150757566094,
        0.013951285261660814,
        0.01396401453949511,
        0.016124303236603736,
        0.02512051245942712,
        0.019408254247158765,
        0.017859253637492658,
        0.017682839781045914,
        0.01701834166049957,
        0.015292501710355282,
        0.016497660987079145
    ]
}