{
    "accuracies": [
        0.883,
        0.9516,
        0.955,
        0.955,
        0.9683,
        0.9611,
        0.9612,
        0.9696,
        0.9644,
        0.9709,
        0.9643,
        0.9689,
        0.9701,
        0.9686,
        0.9703,
        0.9688,
        0.9699,
        0.9698,
        0.9691,
        0.9702,
        0.9666,
        0.9641,
        0.9695,
        0.9702,
        0.9708,
        0.944,
        0.9707,
        0.9689,
        0.9653,
        0.9512,
        0.9706,
        0.971,
        0.9681,
        0.9703,
        0.9503,
        0.9685,
        0.9705,
        0.9687,
        0.9691,
        0.9621,
        0.9697,
        0.9707,
        0.9712,
        0.9668,
        0.9686,
        0.9645,
        0.9703,
        0.9709,
        0.9692,
        0.9686,
        0.9712,
        0.9693,
        0.9678,
        0.9676,
        0.9696,
        0.9668,
        0.9706,
        0.9709,
        0.9712,
        0.9709,
        0.9691,
        0.9707,
        0.9651,
        0.9654,
        0.9709,
        0.9688,
        0.9517,
        0.9709,
        0.9692,
        0.9711,
        0.9672,
        0.9656,
        0.969,
        0.9685,
        0.9708,
        0.9704,
        0.9709,
        0.9712,
        0.9706,
        0.9706,
        0.971,
        0.964,
        0.9712,
        0.9692,
        0.9702,
        0.9699,
        0.966,
        0.9699,
        0.9694,
        0.9688,
        0.9601,
        0.9676,
        0.9669,
        0.9672,
        0.9608,
        0.9685,
        0.9709,
        0.9683,
        0.97,
        0.9702
    ],
    "test_losses": [
        0.37453450951576234,
        0.2143472984790802,
        0.1990148320555687,
        0.19100311226844788,
        0.17184608645439148,
        0.17429316363334657,
        0.19145034954547882,
        0.1742681815981865,
        0.17938072310686112,
        0.15535426781177522,
        0.17657453826069833,
        0.16201270904541015,
        0.15528823583126067,
        0.16368123095035553,
        0.14728149853348732,
        0.1625158567428589,
        0.15426575523912905,
        0.1596560485124588,
        0.15785937759280205,
        0.157206068277359,
        0.1764339455485344,
        0.16465564312934874,
        0.14489015173912048,
        0.1545544852435589,
        0.1550936837911606,
        0.1879827833890915,
        0.15239293050765992,
        0.15824860833287238,
        0.1654913809776306,
        0.17369544003009796,
        0.1484749690055847,
        0.14923024368286134,
        0.14959238152503967,
        0.15414741704463958,
        0.184469744682312,
        0.15716888307332993,
        0.14329041094779968,
        0.15465212614536286,
        0.14996761362552644,
        0.1616135567188263,
        0.15292780447006227,
        0.15170384312868118,
        0.14042723345458508,
        0.17501345751285552,
        0.1571215757250786,
        0.18509956172704697,
        0.15721536457538604,
        0.14673491277694703,
        0.15554555485248567,
        0.14817316074371337,
        0.14225704537630082,
        0.15342843722105026,
        0.1560031019926071,
        0.15146221539974214,
        0.14182057156562805,
        0.15066514804959297,
        0.14962658768892287,
        0.14546422387361527,
        0.14242642996907234,
        0.14755554739832877,
        0.1483688033103943,
        0.1482605418920517,
        0.15631297755241394,
        0.16349488303661347,
        0.15202293462753297,
        0.1640937345981598,
        0.174721269595623,
        0.1411757613539696,
        0.15036780650615691,
        0.1469545399904251,
        0.15968435559272767,
        0.15752304213047028,
        0.15022084848880768,
        0.16376492961645125,
        0.13956017725467681,
        0.14784864828586577,
        0.13857732921242713,
        0.14668210428357123,
        0.1439348790228367,
        0.1472109136581421,
        0.1425206880092621,
        0.18612314274311065,
        0.14444735465049743,
        0.16013994473218918,
        0.1604579383611679,
        0.1470315164089203,
        0.15852676976323127,
        0.1432626080274582,
        0.15193971300125123,
        0.14634876701831817,
        0.16364140763282775,
        0.1561139672279358,
        0.15209020941257476,
        0.15734713665246963,
        0.16822445846796036,
        0.15749908957481384,
        0.15207496196329592,
        0.14377057881355285,
        0.15821532642841338,
        0.14946791085004807
    ],
    "train_losses": [
        0.6234126805543899,
        0.2942402604222298,
        0.22559903820753097,
        0.2107959535598755,
        0.20243549256920815,
        0.19458035144209862,
        0.18873577666282654,
        0.18124895847439765,
        0.18637477268576622,
        0.17789488166570663,
        0.18315135926008225,
        0.17597497783899307,
        0.17896209973096847,
        0.17625566326379777,
        0.17539475472569466,
        0.17261290550231934,
        0.17525098128318786,
        0.1793855352640152,
        0.17495110929608346,
        0.16981520924568178,
        0.17188639844059944,
        0.16895670107007027,
        0.1752210184276104,
        0.17153637428879737,
        0.17501728179454804,
        0.17156113023161887,
        0.16936812086999417,
        0.16981698239445686,
        0.16591119888424874,
        0.168726622402668,
        0.16701408466100692,
        0.16621220766305925,
        0.169089028018713,
        0.16758872450590134,
        0.16863669791817665,
        0.16876055943369866,
        0.16620083996355534,
        0.16923881850242614,
        0.16835344923138618,
        0.1637802734017372,
        0.16427360509335995,
        0.17133285545408725,
        0.16817255170047282,
        0.16385096659064294,
        0.16761626170873642,
        0.16926582722067832,
        0.16596018461585044,
        0.16579960835278035,
        0.1641985733926296,
        0.16623951073884963,
        0.16821756696701048,
        0.1659651997089386,
        0.16604241280555726,
        0.16359523413181304,
        0.16362018759846686,
        0.17168754811882972,
        0.1667812840282917,
        0.16667491074800492,
        0.165572082144022,
        0.16664306796491146,
        0.17066276649236678,
        0.16671257861852645,
        0.16562821652293205,
        0.16517562345266343,
        0.16836704765856267,
        0.16598365197181703,
        0.16565176759958267,
        0.17167823250293732,
        0.16446115539073944,
        0.16731025378108025,
        0.16152094340920448,
        0.16606847647726536,
        0.16599319866895676,
        0.16381727380156516,
        0.1645347711443901,
        0.16414677501916886,
        0.16726036684513093,
        0.16283302918076514,
        0.16918746259212494,
        0.16243745496869086,
        0.1639880648970604,
        0.16555270020961763,
        0.16646092999577522,
        0.16369018603265287,
        0.16430571776628494,
        0.16523607668578624,
        0.16574832380115986,
        0.16504086996614933,
        0.16579425520300864,
        0.1629934195458889,
        0.16338924419283868,
        0.16820280995965003,
        0.16475233833789826,
        0.16797465962171554,
        0.1622877722710371,
        0.16501874341368675,
        0.16479593906402587,
        0.16934644891023637,
        0.16390957921743393,
        0.1657995796263218
    ]
}