{
    "accuracies": [
        0.5085,
        0.506,
        0.516,
        0.508,
        0.5105,
        0.9145,
        0.938,
        0.9415,
        0.947,
        0.948,
        0.9495,
        0.951,
        0.949,
        0.949,
        0.95,
        0.95,
        0.9535,
        0.952,
        0.958,
        0.955,
        0.9565,
        0.955,
        0.9595,
        0.959,
        0.958,
        0.9615,
        0.9585,
        0.9585,
        0.9625,
        0.9575,
        0.9595,
        0.956,
        0.962,
        0.9615,
        0.9585,
        0.955,
        0.961,
        0.966,
        0.957,
        0.9595,
        0.959,
        0.959,
        0.96,
        0.9635,
        0.962,
        0.9575,
        0.955,
        0.9635,
        0.9625,
        0.964
    ],
    "test_losses": [
        0.6933128571510315,
        0.6932677369117737,
        0.6932232851982116,
        0.6932551312446594,
        0.6933096761703491,
        0.272299741268158,
        0.209416885137558,
        0.1802432552576065,
        0.16547600293159484,
        0.1668355386853218,
        0.14958414232730866,
        0.1582283469438553,
        0.14833709090948105,
        0.15257067757844925,
        0.15747431707382203,
        0.14664503139257432,
        0.14452482044696807,
        0.13528299903869628,
        0.1322302186191082,
        0.13159409749507905,
        0.12850377982854844,
        0.1341273356974125,
        0.11824549368023872,
        0.1189969573020935,
        0.11259347259998322,
        0.11265736615657806,
        0.12245216423273086,
        0.1352917115688324,
        0.12751214896142482,
        0.12664071547985076,
        0.11363594079017639,
        0.1353929306268692,
        0.13202559876441955,
        0.12079046320915222,
        0.12413389873504639,
        0.127575141787529,
        0.11888247072696685,
        0.10895968699455261,
        0.12835464352369308,
        0.1390417892932892,
        0.13558356153964995,
        0.15254229497909547,
        0.13078051817417144,
        0.1268276008963585,
        0.10522725747525692,
        0.12027288036793471,
        0.13953125796094537,
        0.1213441801071167,
        0.12035008060932159,
        0.14227838884294033
    ],
    "train_losses": [
        0.6936008768611485,
        0.6932576158311632,
        0.693239662276374,
        0.6932427024311489,
        0.6931926419470046,
        0.4923894926177131,
        0.22081810564464993,
        0.1692626205086708,
        0.1449085163275401,
        0.13013163306978015,
        0.12064693925446934,
        0.11186359536647797,
        0.10494995719856685,
        0.10064637063940367,
        0.09352439784341389,
        0.09031005322933197,
        0.08575974434283044,
        0.08150639543599553,
        0.07828799987832705,
        0.07373491509093179,
        0.07000338458352619,
        0.06790144134561221,
        0.06570658546023898,
        0.06370958638191224,
        0.06006634623143408,
        0.06000927451584074,
        0.055608130206664406,
        0.05484401575393147,
        0.05298750374714534,
        0.05152504877166616,
        0.05060384135113822,
        0.048567951447433894,
        0.04728104478120804,
        0.04698607786413696,
        0.04690617604388131,
        0.04674837741918034,
        0.0436455554233657,
        0.04242202274004618,
        0.03984064697557026,
        0.04304027849435806,
        0.04002638202905655,
        0.04016695324745443,
        0.040362917065620424,
        0.03651602013574706,
        0.03524348882958293,
        0.034982855410211615,
        0.04012363843454255,
        0.034751096431993776,
        0.03459506490164333,
        0.03486866892087791
    ]
}