{
    "accuracies": [
        0.819,
        0.9536666666666667,
        0.974,
        0.9823333333333333,
        0.978,
        0.9816666666666667,
        0.9803333333333333,
        0.9805,
        0.9796666666666667,
        0.9748333333333333,
        0.9795,
        0.9796666666666667,
        0.9818333333333333,
        0.9815,
        0.9796666666666667,
        0.981,
        0.9818333333333333,
        0.9798333333333333,
        0.9801666666666666,
        0.9801666666666666,
        0.9783333333333334,
        0.9811666666666666,
        0.9816666666666667,
        0.9811666666666666,
        0.981,
        0.981,
        0.9823333333333333,
        0.9848333333333333,
        0.9866666666666667,
        0.9835,
        0.9836666666666667,
        0.9821666666666666,
        0.9801666666666666,
        0.9793333333333333,
        0.985,
        0.9835,
        0.9843333333333333,
        0.9853333333333333,
        0.9825,
        0.9813333333333333,
        0.9818333333333333,
        0.9821666666666666,
        0.9813333333333333,
        0.981,
        0.98,
        0.9808333333333333,
        0.9803333333333333,
        0.9808333333333333,
        0.9803333333333333,
        0.981
    ],
    "test_losses": [
        0.4045009619394938,
        0.1740817058881124,
        0.10735536319017411,
        0.0875039217074712,
        0.0894662627975146,
        0.08479709875583649,
        0.08505440644423166,
        0.0870208416779836,
        0.0980118224422137,
        0.11563757705688477,
        0.09119839602708817,
        0.08730793299277624,
        0.08726036644975345,
        0.09200960784653822,
        0.09615074263016384,
        0.09368861865003904,
        0.08582772105932236,
        0.09902320963641008,
        0.08822189067304134,
        0.09253988852103551,
        0.11406716328859329,
        0.09098018545905749,
        0.08893275572111209,
        0.08872558797399203,
        0.11485977076490721,
        0.09901658143103123,
        0.08235597524791956,
        0.07219333397348722,
        0.0755215020030737,
        0.07328980233271917,
        0.07770493194709222,
        0.08799069527784983,
        0.0907306407497575,
        0.10842862807710965,
        0.08169349134961763,
        0.08530271609624226,
        0.09317218591272831,
        0.0750065506696701,
        0.08450116131206353,
        0.08956127214928468,
        0.08727489792307218,
        0.08807790240148704,
        0.09214851904163758,
        0.09170461564262708,
        0.09389879558732113,
        0.09185813197493553,
        0.09601954263945421,
        0.0951484438056747,
        0.09501317382852237,
        0.09436284813533227
    ],
    "train_losses": [
        0.5884458057085673,
        0.2563223144610723,
        0.11319982028007507,
        0.07224345644315083,
        0.05664522471030553,
        0.04480600251505772,
        0.03944608331720034,
        0.03462041282405456,
        0.029602759286761284,
        0.03018691046535969,
        0.03622862324366967,
        0.03176393477618694,
        0.02247163297732671,
        0.01841480077803135,
        0.016977636503676573,
        0.01635640246172746,
        0.019170674656828243,
        0.019856760645906132,
        0.01720594269533952,
        0.012969643981506428,
        0.01228015873581171,
        0.011032693547507128,
        0.011662032339721918,
        0.010539654130736986,
        0.012889331554373105,
        0.01472577175994714,
        0.021505190116663773,
        0.01625873543570439,
        0.010523222471276919,
        0.009373009793460368,
        0.008120946233471234,
        0.007478412372370561,
        0.0073853016874442495,
        0.013281907113889853,
        0.019033410862088204,
        0.012053074099123477,
        0.009670778936396042,
        0.007849022367348274,
        0.006877800516784191,
        0.00581081684678793,
        0.005398570251340667,
        0.005139865645517905,
        0.004871861586968104,
        0.004677825296918551,
        0.0044851277228444815,
        0.0043311177858461935,
        0.004183483857040604,
        0.004072299669186274,
        0.003965551184490323,
        0.0038212989835689467
    ]
}