{
    "accuracies": [
        0.9686071428571429,
        0.9797857142857143,
        0.9842857142857143,
        0.9888214285714285,
        0.9902857142857143,
        0.9856428571428572,
        0.9892142857142857,
        0.9923571428571428,
        0.9937142857142857,
        0.9916071428571429,
        0.99,
        0.9906428571428572,
        0.9910357142857142,
        0.9921428571428571,
        0.9940357142857142,
        0.9873214285714286,
        0.9949642857142857,
        0.9941071428571429,
        0.994,
        0.9927142857142857
    ],
    "test_losses": [
        0.1407995975783893,
        0.09705764736448015,
        0.08533915401356561,
        0.06768326196074485,
        0.06057196914723941,
        0.06687541532516479,
        0.059087225088051386,
        0.04634069500012057,
        0.04010068945799555,
        0.044115501593266215,
        0.05562793902839933,
        0.04255861515658242,
        0.04106746589285987,
        0.04426092197426728,
        0.03485312839065279,
        0.0667832957399743,
        0.033714055904320306,
        0.028618830664881637,
        0.029993945881724358,
        0.03582930558068412
    ],
    "train_losses": [
        0.30123049589594203,
        0.11459804153442382,
        0.08106361888051034,
        0.06777799508372942,
        0.06103048410415649,
        0.05292758432428042,
        0.050056662462155024,
        0.044524281279246014,
        0.04164897401332855,
        0.039766984315713245,
        0.03974389504392942,
        0.03661096479694049,
        0.03709209741950035,
        0.03313697351192434,
        0.03497848348071178,
        0.03162822621961435,
        0.03126871564090252,
        0.03231750405728817,
        0.03158141894042492,
        0.028537307743231457
    ]
}